filename,object_location,image_small,image_thumb
1900_1910jrdock.pdf,/objects/1900_1910jrdock.pdf,/objects/small/1900_1910jrdock_sm.jpg,/objects/thumbs/1900_1910jrdock_th.jpg
1904viewjr.jpg,/objects/1904viewjr.jpg,/objects/small/1904viewjr_sm.jpg,/objects/thumbs/1904viewjr_th.jpg
1911rivermouth.jpg,/objects/1911rivermouth.jpg,/objects/small/1911rivermouth_sm.jpg,/objects/thumbs/1911rivermouth_th.jpg
1917boomingarea.jpg,/objects/1917boomingarea.jpg,/objects/small/1917boomingarea_sm.jpg,/objects/thumbs/1917boomingarea_th.jpg
1919mandrillingrock.png,/objects/1919mandrillingrock.png,/objects/small/1919mandrillingrock_sm.jpg,/objects/thumbs/1919mandrillingrock_th.jpg
1920jrsunlockmines.jpg,/objects/1920jrsunlockmines.jpg,/objects/small/1920jrsunlockmines_sm.jpg,/objects/thumbs/1920jrsunlockmines_th.jpg
1920powerhousejr.jpg,/objects/1920powerhousejr.jpg,/objects/small/1920powerhousejr_sm.jpg,/objects/thumbs/1920powerhousejr_th.jpg
1920railcar.jpg,/objects/1920railcar.jpg,/objects/small/1920railcar_sm.jpg,/objects/thumbs/1920railcar_th.jpg
1926jrpowerhouse.jpg,/objects/1926jrpowerhouse.jpg,/objects/small/1926jrpowerhouse_sm.jpg,/objects/thumbs/1926jrpowerhouse_th.jpg
1930sjordanriveranddam.jpg,/objects/1930sjordanriveranddam.jpg,/objects/small/1930sjordanriveranddam_sm.jpg,/objects/thumbs/1930sjordanriveranddam_th.jpg
1945_48jrcommunityhall.jpg,/objects/1945_48jrcommunityhall.jpg,/objects/small/1945_48jrcommunityhall_sm.jpg,/objects/thumbs/1945_48jrcommunityhall_th.jpg
1950slogbooming.jpg,/objects/1950slogbooming.jpg,/objects/small/1950slogbooming_sm.jpg,/objects/thumbs/1950slogbooming_th.jpg
1974minewastedumpandpond.pdf,/objects/1974minewastedumpandpond.pdf,/objects/small/1974minewastedumpandpond_sm.jpg,/objects/thumbs/1974minewastedumpandpond_th.jpg
1983ethnobotany_nancyturner.pdf,/objects/1983ethnobotany_nancyturner.pdf,/objects/small/1983ethnobotany_nancyturner_sm.jpg,/objects/thumbs/1983ethnobotany_nancyturner_th.jpg
2022bc_firstnationstoappealnechakorivercourtruling.pdf,/objects/2022bc_firstnationstoappealnechakorivercourtruling.pdf,/objects/small/2022bc_firstnationstoappealnechakorivercourtruling_sm.jpg,/objects/thumbs/2022bc_firstnationstoappealnechakorivercourtruling_th.jpg
2022canadawateragencyvirtualdialogue.pdf,/objects/2022canadawateragencyvirtualdialogue.pdf,/objects/small/2022canadawateragencyvirtualdialogue_sm.jpg,/objects/thumbs/2022canadawateragencyvirtualdialogue_th.jpg
23797sookeJORDANRIVER-1.jpg,/objects/23797sookeJORDANRIVER-1.jpg,/objects/small/23797sookejordanriver-1_sm.jpg,/objects/thumbs/23797sookejordanriver-1_th.jpg
54633sookeCOWICHANCOPPERMINE1965.jpg,/objects/54633sookeCOWICHANCOPPERMINE1965.jpg,/objects/small/54633sookecowichancoppermine1965_sm.jpg,/objects/thumbs/54633sookecowichancoppermine1965_th.jpg
SRHS#605 Clearing where powerhouse was built Jordan River 1908.jpg,/objects/SRHS#605 Clearing where powerhouse was built Jordan River 1908.jpg,/objects/small/srhs#605 clearing where powerhouse was built jordan river 1908_sm.jpg,/objects/thumbs/srhs#605 clearing where powerhouse was built jordan river 1908_th.jpg
chowicancoppermine1965.jpg,/objects/chowicancoppermine1965.jpg,/objects/small/chowicancoppermine1965_sm.jpg,/objects/thumbs/chowicancoppermine1965_th.jpg
clearingwherepowerhousewasbuiltjordanriver1908.jpg,/objects/clearingwherepowerhousewasbuiltjordanriver1908.jpg,/objects/small/clearingwherepowerhousewasbuiltjordanriver1908_sm.jpg,/objects/thumbs/clearingwherepowerhousewasbuiltjordanriver1908_th.jpg
ditidahtandpacheedaht2019treatyagreementinprinciple.pdf,/objects/ditidahtandpacheedaht2019treatyagreementinprinciple.pdf,/objects/small/ditidahtandpacheedaht2019treatyagreementinprinciple_sm.jpg,/objects/thumbs/ditidahtandpacheedaht2019treatyagreementinprinciple_th.jpg
fileid_15115.pdf,/objects/fileid_15115.pdf,/objects/small/fileid_15115_sm.jpg,/objects/thumbs/fileid_15115_th.jpg
fileid_15129.pdf,/objects/fileid_15129.pdf,/objects/small/fileid_15129_sm.jpg,/objects/thumbs/fileid_15129_th.jpg
fileid_15134.pdf,/objects/fileid_15134.pdf,/objects/small/fileid_15134_sm.jpg,/objects/thumbs/fileid_15134_th.jpg
fileid_61241.pdf,/objects/fileid_61241.pdf,/objects/small/fileid_61241_sm.jpg,/objects/thumbs/fileid_61241_th.jpg
fileid_61335.pdf,/objects/fileid_61335.pdf,/objects/small/fileid_61335_sm.jpg,/objects/thumbs/fileid_61335_th.jpg
forebaypond.jpg,/objects/forebaypond.jpg,/objects/small/forebaypond_sm.jpg,/objects/thumbs/forebaypond_th.jpg
homesatjr.jpg,/objects/homesatjr.jpg,/objects/small/homesatjr_sm.jpg,/objects/thumbs/homesatjr_th.jpg
jrestuary.png,/objects/jrestuary.png,/objects/small/jrestuary_sm.jpg,/objects/thumbs/jrestuary_th.jpg
jrestuary2.png,/objects/jrestuary2.png,/objects/small/jrestuary2_sm.jpg,/objects/thumbs/jrestuary2_th.jpg
loggingopitem.png,/objects/loggingopitem.png,/objects/small/loggingopitem_sm.jpg,/objects/thumbs/loggingopitem_th.jpg
rcbmhydroflume.png,/objects/rcbmhydroflume.png,/objects/small/rcbmhydroflume_sm.jpg,/objects/thumbs/rcbmhydroflume_th.jpg
rmcbhsunloch1919rail1.png,/objects/rmcbhsunloch1919rail1.png,/objects/small/rmcbhsunloch1919rail1_sm.jpg,/objects/thumbs/rmcbhsunloch1919rail1_th.jpg
rmcbhsunloch1919rail2.png,/objects/rmcbhsunloch1919rail2.png,/objects/small/rmcbhsunloch1919rail2_sm.jpg,/objects/thumbs/rmcbhsunloch1919rail2_th.jpg
rmcbhsunloch1919rail3.png,/objects/rmcbhsunloch1919rail3.png,/objects/small/rmcbhsunloch1919rail3_sm.jpg,/objects/thumbs/rmcbhsunloch1919rail3_th.jpg
sookejr.jpg,/objects/sookejr.jpg,/objects/small/sookejr_sm.jpg,/objects/thumbs/sookejr_th.jpg
telegraphhutjr.jpg,/objects/telegraphhutjr.jpg,/objects/small/telegraphhutjr_sm.jpg,/objects/thumbs/telegraphhutjr_th.jpg
winklerbio.png,/objects/winklerbio.png,/objects/small/winklerbio_sm.jpg,/objects/thumbs/winklerbio_th.jpg
